participant,n,high_n,within_participant_pct,share_all_high_pct
P01,92,18,19.565217391304348,3.658536585365854
P02,96,38,39.583333333333336,7.723577235772358
P03,92,78,84.78260869565217,15.853658536585366
P04,82,12,14.634146341463415,2.4390243902439024
P05,98,9,9.183673469387756,1.829268292682927
P06,86,82,95.34883720930233,16.666666666666668
P07,98,42,42.857142857142854,8.536585365853659
P08,84,68,80.95238095238095,13.821138211382113
P09,76,34,44.73684210526316,6.9105691056910565
P10,94,88,93.61702127659575,17.88617886178862
P11,86,23,26.74418604651163,4.67479674796748
